{
"lengthUnit": "mil",
"components": {
	"fields": ["COMPONENT_NO", "COMPONENT_NAME", "LAYER", "X_COORDINATE", "Y_COORDINATE", "ANGLE"],
	"rows": [
		[1, "BAT1", "T", 181.51, 525.54, 270],
		[2, "BOOT0", "B", 1466.51, 715.54, 0],
		[3, "C1", "B", 644.9, 793.52, 270],
		[4, "C2", "B", 206.51, 655.54, 0],
		[5, "C3", "B", 391.51, 445.54, 270],
		[6, "C4", "B", 586.51, 405.54, 90],
		[7, "C7", "T", 965.25, 517.67, 90],
		[8, "C8", "T", 666.51, 520.54, 90],
		[9, "C9", "T", 1771.51, 635.54, 0],
		[10, "C10", "T", 1481.51, 920.54, 180],
		[11, "C11", "T", 1196.51, 620.54, 270],
		[12, "C12", "T", 1326.51, 305.54, 270],
		[13, "C13", "T", 1007.01, 307.76, 90],
		[14, "C14", "T", 1256.51, 305.54, 90],
		[15, "C15", "T", 851.51, 870.54, 0],
		[16, "C16", "T", 1056.51, 740.54, 0],
		[17, "C17", "B", 1351.51, 425.54, 0],
		[18, "C18", "T", 1196.51, 490.54, 270],
		[19, "C19", "T", 1471.51, 305.54, 270],
		[20, "C20", "B", 1916.51, 810.54, 270],
		[21, "C21", "T", 1201.51, 775.54, 270],
		[22, "C22", "T", 851.51, 950.54, 180],
		[23, "Control", "T", 1619.9, 308.52, 180],
		[24, "D2", "B", 441.51, 575.54, 270],
		[25, "L1", "B", 486.51, 295.54, 180],
		[26, "L2", "T", 1391.51, 305.54, 90],
		[27, "LED1", "B", 771.59, 913.52, 0],
		[28, "LED2", "B", 896.51, 910.54, 0],
		[29, "LED3", "T", 866.51, 305.54, 270],
		[30, "PROG0", "B", 639.9, 943.52, 90],
		[31, "Q1", "B", 331.51, 580.54, 0],
		[32, "R1", "T", 276.51, 590.54, 90],
		[33, "R2", "B", 769.9, 978.52, 180],
		[34, "R3", "B", 896.51, 970.54, 180],
		[35, "R4", "B", 536.51, 635.54, 0],
		[36, "R5", "B", 581.51, 545.54, 270],
		[37, "R6", "B", 521.51, 545.54, 270],
		[38, "R7", "T", 1296.51, 950.54, 180],
		[39, "R8", "T", 1296.51, 890.54, 180],
		[40, "R9", "T", 1811.51, 305.54, 270],
		[41, "R10", "T", 936.51, 305.54, 270],
		[42, "R11", "B", 1321.51, 525.54, 270],
		[43, "R12", "B", 1321.51, 725.54, 270],
		[44, "RST0", "B", 1465.77, 527.06, 0],
		[45, "RT6150", "B", 486.51, 420.54, 180],
		[46, "Signal", "T", 1966.51, 295.54, 180],
		[47, "Slot", "T", 2099.9, 628.52, 90],
		[48, "STLink", "T", 1766.51, 925.54, 180],
		[49, "SW1", "T", 221.51, 337.32, 0],
		[50, "TP4056", "B", 409.9, 898.52, 270],
		[51, "U1", "T", 1466.51, 625.54, 315],
		[52, "U2", "T", 815.25, 597.67, 180],
		[53, "U3", "B", 1776.51, 685.54, 180],
		[54, "U4", "T", 1036.82, 882.32, 180],
		[55, "USB1", "T", 409.9, 818.52, 180],
		[56, "X1", "T", 1136.51, 320.54, 359.383]
	]
},
"pins": {
	"fields": ["PIN_NO", "PIN_NAME", "PIN_X", "PIN_Y", "LAYER", "PIN_TYPE", "NET_NAME", "NET_TYPE", "PAD_SHAPE", "PAD_SIZEX", "PAD_SIZEY", "HOLE_SIZE", "PAD_ANGLE"],
	"rows": [
		[1, "BAT1_1", 181.51, 550.14, "T", "DIP", "$1N11756", "", "R", 39.37, 39.37, 23.62, 270],
		[2, "BAT1_1", 181.51, 550.14, "B", "DIP", "$1N11756", "", "R", 39.37, 39.37, 23.62, 270],
		[3, "BAT1_2", 181.51, 500.93, "T", "DIP", "GND", "GND", "C", 39.37, 39.37, 23.62, 270],
		[4, "BAT1_2", 181.51, 500.93, "B", "DIP", "GND", "GND", "C", 39.37, 39.37, 23.62, 270],
		[5, "BOOT0_1", 1378.91, 715.54, "B", "SMD", "BOOT0", "", "R", 41.34, 78.74, 0, 0],
		[6, "BOOT0_2", 1554.11, 715.54, "B", "SMD", "3V3", "", "R", 41.34, 78.74, 0, 0],
		[7, "C1_1", 644.9, 821.08, "B", "SMD", "VCC_USB", "", "R", 31.5, 35.43, 0, 270],
		[8, "C1_2", 644.9, 765.96, "B", "SMD", "GND", "GND", "R", 31.5, 35.43, 0, 270],
		[9, "C2_1", 178.95, 655.54, "B", "SMD", "$1N11756", "", "R", 31.5, 35.43, 0, 0],
		[10, "C2_2", 234.07, 655.54, "B", "SMD", "GND", "GND", "R", 31.5, 35.43, 0, 0],
		[11, "C3_1", 391.51, 473.1, "B", "SMD", "$1N22183", "", "R", 31.5, 35.43, 0, 270],
		[12, "C3_2", 391.51, 417.98, "B", "SMD", "GND", "GND", "R", 31.5, 35.43, 0, 270],
		[13, "C4_1", 586.51, 377.98, "B", "SMD", "3V3", "", "R", 31.5, 35.43, 0, 90],
		[14, "C4_2", 586.51, 433.1, "B", "SMD", "GND", "GND", "R", 31.5, 35.43, 0, 90],
		[15, "C7_1", 965.25, 490.11, "T", "SMD", "$1N5022", "", "R", 31.5, 35.43, 0, 90],
		[16, "C7_2", 965.25, 545.23, "T", "SMD", "GND", "GND", "R", 31.5, 35.43, 0, 90],
		[17, "C8_1", 666.51, 492.98, "T", "SMD", "3V3", "", "R", 31.5, 35.43, 0, 90],
		[18, "C8_2", 666.51, 548.1, "T", "SMD", "GND", "GND", "R", 31.5, 35.43, 0, 90],
		[19, "C9_1", 1743.95, 635.54, "T", "SMD", "3V3", "", "R", 31.5, 35.43, 0, 0],
		[20, "C9_2", 1799.07, 635.54, "T", "SMD", "GND", "GND", "R", 31.5, 35.43, 0, 0],
		[21, "C10_1", 1509.07, 920.54, "T", "SMD", "3V3", "", "R", 31.5, 35.43, 0, 180],
		[22, "C10_2", 1453.95, 920.54, "T", "SMD", "GND", "GND", "R", 31.5, 35.43, 0, 180],
		[23, "C11_1", 1196.51, 648.1, "T", "SMD", "3V3", "", "R", 31.5, 35.43, 0, 270],
		[24, "C11_2", 1196.51, 592.98, "T", "SMD", "GND", "GND", "R", 31.5, 35.43, 0, 270],
		[25, "C12_1", 1326.51, 333.1, "T", "SMD", "$1N13991", "", "R", 31.5, 35.43, 0, 270],
		[26, "C12_2", 1326.51, 277.98, "T", "SMD", "GND", "GND", "R", 31.5, 35.43, 0, 270],
		[27, "C13_1", 1007.01, 280.2, "T", "SMD", "GND", "GND", "R", 31.5, 35.43, 0, 90],
		[28, "C13_2", 1007.01, 335.32, "T", "SMD", "OSC_IN", "", "R", 31.5, 35.43, 0, 90],
		[29, "C14_1", 1256.51, 277.98, "T", "SMD", "GND", "GND", "R", 31.5, 35.43, 0, 90],
		[30, "C14_2", 1256.51, 333.1, "T", "SMD", "OSC_OUT", "", "R", 31.5, 35.43, 0, 90],
		[31, "C15_1", 823.95, 870.54, "T", "SMD", "GND", "GND", "R", 31.5, 35.43, 0, 0],
		[32, "C15_2", 879.07, 870.54, "T", "SMD", "$1N34559", "", "R", 31.5, 35.43, 0, 0],
		[33, "C16_1", 990.12, 740.54, "T", "SMD", "3V3", "", "R", 59.05, 51.02, 0, 180],
		[34, "C16_2", 1122.9, 740.54, "T", "SMD", "GND", "GND", "R", 59.05, 51.02, 0, 180],
		[35, "C17_1", 1323.95, 425.54, "B", "SMD", "NRST", "", "R", 31.5, 35.43, 0, 0],
		[36, "C17_2", 1379.07, 425.54, "B", "SMD", "GND", "GND", "R", 31.5, 35.43, 0, 0],
		[37, "C18_1", 1196.51, 518.1, "T", "SMD", "VBAT_E", "", "R", 31.5, 35.43, 0, 270],
		[38, "C18_2", 1196.51, 462.98, "T", "SMD", "GND", "GND", "R", 31.5, 35.43, 0, 270],
		[39, "C19_1", 1471.51, 333.1, "T", "SMD", "PA0", "", "R", 31.5, 35.43, 0, 270],
		[40, "C19_2", 1471.51, 277.98, "T", "SMD", "GND", "GND", "R", 31.5, 35.43, 0, 270],
		[41, "C20_1", 1916.51, 838.1, "B", "SMD", "3V3", "", "R", 31.5, 35.43, 0, 270],
		[42, "C20_2", 1916.51, 782.98, "B", "SMD", "GND", "GND", "R", 31.5, 35.43, 0, 270],
		[43, "C21_1", 1201.51, 803.1, "T", "SMD", "$1N43151", "", "R", 31.5, 35.43, 0, 270],
		[44, "C21_2", 1201.51, 747.98, "T", "SMD", "GND", "GND", "R", 31.5, 35.43, 0, 270],
		[45, "C22_1", 879.07, 950.54, "T", "SMD", "3V3", "", "R", 31.5, 35.43, 0, 180],
		[46, "C22_2", 823.95, 950.54, "T", "SMD", "GND", "GND", "R", 31.5, 35.43, 0, 180],
		[47, "Control_1", 1710.45, 278.01, "T", "SMD", "GND", "GND", "R", 35.43, 47.24, 0, 180],
		[48, "Control_2", 1529.35, 278.01, "T", "SMD", "GND", "GND", "R", 35.43, 47.24, 0, 0],
		[49, "Control_3", 1685.84, 339.03, "T", "SMD", "GND", "GND", "R", 47.24, 51.18, 0, 0],
		[50, "Control_4", 1553.95, 339.03, "T", "SMD", "PA0", "", "R", 47.24, 51.18, 0, 0],
		[51, "D2_1", 441.51, 616.48, "B", "SMD", "VCC_USB", "", "R", 30.71, 19.68, 0, 270],
		[52, "D2_2", 441.51, 534.6, "B", "SMD", "$1N22177", "", "R", 30.71, 19.68, 0, 270],
		[53, "L1_1", 446.03, 295.54, "B", "SMD", "$1N21597", "", "R", 47.24, 86.61, 0, 180],
		[54, "L1_2", 526.99, 295.54, "B", "SMD", "$1N1926", "", "R", 47.24, 86.61, 0, 180],
		[55, "L2_1", 1391.51, 277.98, "T", "SMD", "$1N13991", "", "R", 31.5, 34.02, 0, 270],
		[56, "L2_2", 1391.51, 333.09, "T", "SMD", "3V3", "", "R", 31.5, 34.02, 0, 270],
		[57, "LED1_1", 740.11, 913.52, "B", "SMD", "$1N10382", "", "R", 31.5, 31.5, 0, 270],
		[58, "LED1_2", 803.06, 913.52, "B", "SMD", "VCC_USB", "", "R", 31.5, 31.5, 0, 270],
		[59, "LED2_1", 865.03, 910.67, "B", "SMD", "$1N10379", "", "R", 31.5, 31.5, 0, 270],
		[60, "LED2_2", 927.99, 910.4, "B", "SMD", "VCC_USB", "", "R", 31.5, 31.5, 0, 270],
		[61, "LED3_1", 866.38, 337.02, "T", "SMD", "$1N14914", "", "R", 31.5, 31.5, 0, 0],
		[62, "LED3_2", 866.65, 274.06, "T", "SMD", "3V3", "", "R", 31.5, 31.5, 0, 0],
		[63, "PROG0_1", 639.9, 913.86, "B", "SMD", "GND", "GND", "R", 31.75, 34.02, 0, 90],
		[64, "PROG0_2", 639.9, 973.18, "B", "SMD", "$1N10716", "", "R", 31.75, 34.02, 0, 90],
		[65, "Q1_1", 380.13, 617.94, "B", "SMD", "VCC_USB", "", "R", 42.13, 23.62, 0, 0],
		[66, "Q1_2", 380.13, 543.14, "B", "SMD", "$1N22177", "", "R", 42.13, 23.62, 0, 0],
		[67, "Q1_3", 282.88, 580.54, "B", "SMD", "$1N11756", "", "R", 42.13, 23.62, 0, 0],
		[68, "R1_1", 276.51, 560.88, "T", "SMD", "GND", "GND", "R", 31.75, 34.02, 0, 90],
		[69, "R1_2", 276.51, 620.2, "T", "SMD", "$1N9764", "", "R", 31.75, 34.02, 0, 90],
		[70, "R2_1", 799.56, 978.52, "B", "SMD", "$1N10534", "", "R", 31.75, 34.02, 0, 180],
		[71, "R2_2", 740.24, 978.52, "B", "SMD", "$1N10382", "", "R", 31.75, 34.02, 0, 180],
		[72, "R3_1", 926.17, 970.54, "B", "SMD", "$1N10530", "", "R", 31.75, 34.02, 0, 180],
		[73, "R3_2", 866.85, 970.54, "B", "SMD", "$1N10379", "", "R", 31.75, 34.02, 0, 180],
		[74, "R4_1", 506.85, 635.54, "B", "SMD", "VCC_USB", "", "R", 31.75, 34.02, 0, 0],
		[75, "R4_2", 566.17, 635.54, "B", "SMD", "GND", "GND", "R", 31.75, 34.02, 0, 0],
		[76, "R5_1", 581.51, 575.2, "B", "SMD", "$1N2095", "", "R", 31.75, 34.02, 0, 270],
		[77, "R5_2", 581.51, 515.88, "B", "SMD", "3V3", "", "R", 31.75, 34.02, 0, 270],
		[78, "R6_1", 521.51, 575.2, "B", "SMD", "GND", "GND", "R", 31.75, 34.02, 0, 270],
		[79, "R6_2", 521.51, 515.88, "B", "SMD", "$1N2095", "", "R", 31.75, 34.02, 0, 270],
		[80, "R7_1", 1326.17, 950.54, "T", "SMD", "3V3", "", "R", 31.75, 34.02, 0, 180],
		[81, "R7_2", 1266.85, 950.54, "T", "SMD", "PB7_SDA", "", "R", 31.75, 34.02, 0, 180],
		[82, "R8_1", 1326.17, 890.54, "T", "SMD", "3V3", "", "R", 31.75, 34.02, 0, 180],
		[83, "R8_2", 1266.85, 890.54, "T", "SMD", "PB6_SCL", "", "R", 31.75, 34.02, 0, 180],
		[84, "R9_1", 1811.51, 335.2, "T", "SMD", "PA1_LED", "", "R", 31.75, 34.02, 0, 270],
		[85, "R9_2", 1811.51, 275.88, "T", "SMD", "$1N14717", "", "R", 31.75, 34.02, 0, 270],
		[86, "R10_1", 936.51, 335.2, "T", "SMD", "$1N14914", "", "R", 31.75, 34.02, 0, 270],
		[87, "R10_2", 936.51, 275.88, "T", "SMD", "GND", "GND", "R", 31.75, 34.02, 0, 270],
		[88, "R11_1", 1321.51, 555.2, "B", "SMD", "3V3", "", "R", 31.75, 34.02, 0, 270],
		[89, "R11_2", 1321.51, 495.88, "B", "SMD", "NRST", "", "R", 31.75, 34.02, 0, 270],
		[90, "R12_1", 1321.51, 755.2, "B", "SMD", "GND", "GND", "R", 31.75, 34.02, 0, 270],
		[91, "R12_2", 1321.51, 695.88, "B", "SMD", "BOOT0", "", "R", 31.75, 34.02, 0, 270],
		[92, "RST0_1", 1378.17, 527.06, "B", "SMD", "NRST", "", "R", 41.34, 78.74, 0, 0],
		[93, "RST0_2", 1553.37, 527.06, "B", "SMD", "GND", "GND", "R", 41.34, 78.74, 0, 0],
		[94, "RT6150_1", 525.88, 374.97, "B", "SMD", "3V3", "", "R", 11.02, 26.18, 0, 180],
		[95, "RT6150_2", 506.19, 374.97, "B", "SMD", "$1N1926", "", "R", 11.02, 26.18, 0, 180],
		[96, "RT6150_3", 486.51, 374.97, "B", "SMD", "GND", "GND", "R", 11.02, 26.18, 0, 180],
		[97, "RT6150_4", 466.82, 374.97, "B", "SMD", "$1N21597", "", "R", 11.02, 26.18, 0, 180],
		[98, "RT6150_5", 447.14, 374.97, "B", "SMD", "$1N22183", "", "R", 11.02, 26.18, 0, 180],
		[99, "RT6150_6", 447.14, 466.11, "B", "SMD", "$1N22183", "", "R", 11.02, 26.18, 0, 180],
		[100, "RT6150_7", 466.82, 466.11, "B", "SMD", "$1N22183", "", "R", 11.02, 26.18, 0, 180],
		[101, "RT6150_8", 486.51, 466.11, "B", "SMD", "$1N22183", "", "R", 11.02, 26.18, 0, 180],
		[102, "RT6150_9", 506.19, 466.11, "B", "SMD", "GND", "GND", "R", 11.02, 26.18, 0, 180],
		[103, "RT6150_10", 525.88, 466.11, "B", "SMD", "$1N2095", "", "R", 11.02, 26.18, 0, 180],
		[104, "RT6150_11", 486.51, 420.54, "B", "SMD", "GND", "GND", "R", 78.74, 49.21, 0, 180],
		[105, "Signal_1", 1907.75, 295.54, "T", "SMD", "$1N14717", "", "R", 58.47, 63.78, 0, 180],
		[106, "Signal_2", 2025.27, 295.54, "T", "SMD", "GND", "GND", "R", 58.47, 63.78, 0, 180],
		[107, "Slot_1", 2199.9, 428.52, "T", "DIP", "3V3", "", "R", 62.99, 62.99, 41.34, 90],
		[108, "Slot_1", 2199.9, 428.52, "B", "DIP", "3V3", "", "R", 62.99, 62.99, 41.34, 90],
		[109, "Slot_2", 1999.9, 428.52, "T", "DIP", "GND", "GND", "C", 62.99, 62.99, 41.34, 90],
		[110, "Slot_2", 1999.9, 428.52, "B", "DIP", "GND", "GND", "C", 62.99, 62.99, 41.34, 90],
		[111, "Slot_3", 2199.9, 528.52, "T", "DIP", "PA4_CSS", "", "C", 62.99, 62.99, 41.34, 90],
		[112, "Slot_3", 2199.9, 528.52, "B", "DIP", "PA4_CSS", "", "C", 62.99, 62.99, 41.34, 90],
		[113, "Slot_4", 1999.9, 528.52, "T", "DIP", "PA5_SCK", "", "C", 62.99, 62.99, 41.34, 90],
		[114, "Slot_4", 1999.9, 528.52, "B", "DIP", "PA5_SCK", "", "C", 62.99, 62.99, 41.34, 90],
		[115, "Slot_5", 2199.9, 628.52, "T", "DIP", "PA6_MISO", "", "C", 62.99, 62.99, 41.34, 90],
		[116, "Slot_5", 2199.9, 628.52, "B", "DIP", "PA6_MISO", "", "C", 62.99, 62.99, 41.34, 90],
		[117, "Slot_6", 1999.9, 628.52, "T", "DIP", "PA7_MOSI", "", "C", 62.99, 62.99, 41.34, 90],
		[118, "Slot_6", 1999.9, 628.52, "B", "DIP", "PA7_MOSI", "", "C", 62.99, 62.99, 41.34, 90],
		[119, "Slot_7", 2199.9, 728.52, "T", "DIP", "PB10_SCL_TX", "", "C", 62.99, 62.99, 41.34, 90],
		[120, "Slot_7", 2199.9, 728.52, "B", "DIP", "PB10_SCL_TX", "", "C", 62.99, 62.99, 41.34, 90],
		[121, "Slot_8", 1999.9, 728.52, "T", "DIP", "PB1_ADC", "", "C", 62.99, 62.99, 41.34, 90],
		[122, "Slot_8", 1999.9, 728.52, "B", "DIP", "PB1_ADC", "", "C", 62.99, 62.99, 41.34, 90],
		[123, "Slot_9", 2199.9, 828.52, "T", "DIP", "PB11_SDA_RX", "", "C", 62.99, 62.99, 41.34, 90],
		[124, "Slot_9", 2199.9, 828.52, "B", "DIP", "PB11_SDA_RX", "", "C", 62.99, 62.99, 41.34, 90],
		[125, "Slot_10", 1999.9, 828.52, "T", "DIP", "PB0_CUS", "", "C", 62.99, 62.99, 41.34, 90],
		[126, "Slot_10", 1999.9, 828.52, "B", "DIP", "PB0_CUS", "", "C", 62.99, 62.99, 41.34, 90],
		[127, "STLink_1", 1916.51, 925.54, "T", "DIP", "3V3", "", "R", 66.93, 66.93, 43.31, 180],
		[128, "STLink_1", 1916.51, 925.54, "B", "DIP", "3V3", "", "R", 66.93, 66.93, 43.31, 180],
		[129, "STLink_2", 1816.51, 925.54, "T", "DIP", "GND", "GND", "C", 66.93, 66.93, 43.31, 180],
		[130, "STLink_2", 1816.51, 925.54, "B", "DIP", "GND", "GND", "C", 66.93, 66.93, 43.31, 180],
		[131, "STLink_3", 1716.51, 925.54, "T", "DIP", "PA14_CLK", "", "C", 66.93, 66.93, 43.31, 180],
		[132, "STLink_3", 1716.51, 925.54, "B", "DIP", "PA14_CLK", "", "C", 66.93, 66.93, 43.31, 180],
		[133, "STLink_4", 1616.51, 925.54, "T", "DIP", "PA13_DIO", "", "C", 66.93, 66.93, 43.31, 180],
		[134, "STLink_4", 1616.51, 925.54, "B", "DIP", "PA13_DIO", "", "C", 66.93, 66.93, 43.31, 180],
		[135, "SW1_1", 121.51, 337.32, "T", "DIP", "$1N22183", "", "C", 60, 60, 36, 180],
		[136, "SW1_1", 121.51, 337.32, "B", "DIP", "$1N22183", "", "C", 60, 60, 36, 180],
		[137, "SW1_2", 221.51, 337.32, "T", "DIP", "$1N22177", "", "C", 60, 60, 36, 180],
		[138, "SW1_2", 221.51, 337.32, "B", "DIP", "$1N22177", "", "C", 60, 60, 36, 180],
		[139, "SW1_3", 321.51, 337.32, "T", "DIP", "SW1_3", "", "C", 60, 60, 36, 180],
		[140, "SW1_3", 321.51, 337.32, "B", "DIP", "SW1_3", "", "C", 60, 60, 36, 180],
		[141, "TP4056_1", 524.4, 973.52, "B", "SMD", "GND", "GND", "R", 23.62, 47.24, 0, 270],
		[142, "TP4056_2", 524.4, 923.52, "B", "SMD", "$1N10716", "", "R", 23.62, 47.24, 0, 270],
		[143, "TP4056_3", 524.4, 873.52, "B", "SMD", "GND", "GND", "R", 23.62, 47.24, 0, 270],
		[144, "TP4056_4", 524.4, 823.52, "B", "SMD", "VCC_USB", "", "R", 23.62, 47.24, 0, 270],
		[145, "TP4056_5", 295.4, 823.52, "B", "SMD", "$1N11756", "", "R", 23.62, 47.24, 0, 270],
		[146, "TP4056_6", 295.4, 873.52, "B", "SMD", "$1N10534", "", "R", 23.62, 47.24, 0, 270],
		[147, "TP4056_7", 295.4, 923.52, "B", "SMD", "$1N10530", "", "R", 23.62, 47.24, 0, 270],
		[148, "TP4056_8", 295.4, 973.52, "B", "SMD", "VCC_USB", "", "R", 23.62, 47.24, 0, 270],
		[149, "TP4056_9", 409.9, 898.52, "B", "SMD", "GND", "GND", "R", 129.92, 94.49, 0, 90],
		[150, "U1_1", 1271.64, 583.78, "T", "SMD", "VBAT_E", "", "O", 10.63, 59.05, 0, 315],
		[151, "U1_2", 1285.56, 569.86, "T", "SMD", "U1_2", "", "O", 10.63, 59.05, 0, 315],
		[152, "U1_3", 1299.48, 555.94, "T", "SMD", "U1_3", "", "O", 10.63, 59.05, 0, 315],
		[153, "U1_4", 1313.4, 542.02, "T", "SMD", "U1_4", "", "O", 10.63, 59.05, 0, 315],
		[154, "U1_5", 1327.31, 528.11, "T", "SMD", "OSC_IN", "", "O", 10.63, 59.05, 0, 315],
		[155, "U1_6", 1341.24, 514.18, "T", "SMD", "OSC_OUT", "", "O", 10.63, 59.05, 0, 315],
		[156, "U1_7", 1355.15, 500.27, "T", "SMD", "NRST", "", "O", 10.63, 59.05, 0, 315],
		[157, "U1_8", 1369.08, 486.34, "T", "SMD", "GND", "GND", "O", 10.63, 59.05, 0, 315],
		[158, "U1_9", 1382.99, 472.43, "T", "SMD", "$1N13991", "", "O", 10.63, 59.05, 0, 315],
		[159, "U1_10", 1396.91, 458.5, "T", "SMD", "PA0", "", "O", 10.63, 59.05, 0, 315],
		[160, "U1_11", 1410.83, 444.59, "T", "SMD", "PA1_LED", "", "O", 10.63, 59.05, 0, 315],
		[161, "U1_12", 1424.75, 430.67, "T", "SMD", "PA2", "", "O", 10.63, 59.05, 0, 315],
		[162, "U1_13", 1508.26, 430.67, "T", "SMD", "PA3", "", "O", 59.05, 10.63, 0, 315],
		[163, "U1_14", 1522.19, 444.59, "T", "SMD", "PA4_CSS", "", "O", 59.05, 10.63, 0, 315],
		[164, "U1_15", 1536.1, 458.5, "T", "SMD", "PA5_SCK", "", "O", 59.05, 10.63, 0, 315],
		[165, "U1_16", 1550.02, 472.43, "T", "SMD", "PA6_MISO", "", "O", 59.05, 10.63, 0, 315],
		[166, "U1_17", 1563.94, 486.34, "T", "SMD", "PA7_MOSI", "", "O", 59.05, 10.63, 0, 315],
		[167, "U1_18", 1577.86, 500.27, "T", "SMD", "PB0_CUS", "", "O", 59.05, 10.63, 0, 315],
		[168, "U1_19", 1591.78, 514.18, "T", "SMD", "PB1_ADC", "", "O", 59.05, 10.63, 0, 315],
		[169, "U1_20", 1605.7, 528.11, "T", "SMD", "U1_20", "", "O", 59.05, 10.63, 0, 315],
		[170, "U1_21", 1619.62, 542.02, "T", "SMD", "PB10_SCL_TX", "", "O", 59.05, 10.63, 0, 315],
		[171, "U1_22", 1633.54, 555.94, "T", "SMD", "PB11_SDA_RX", "", "O", 59.05, 10.63, 0, 315],
		[172, "U1_23", 1647.46, 569.86, "T", "SMD", "GND", "GND", "O", 59.05, 10.63, 0, 315],
		[173, "U1_24", 1661.38, 583.78, "T", "SMD", "3V3", "", "O", 59.05, 10.63, 0, 315],
		[174, "U1_25", 1661.38, 667.29, "T", "SMD", "SPI2_CS", "", "O", 10.63, 59.05, 0, 315],
		[175, "U1_26", 1647.46, 681.21, "T", "SMD", "SPI2_SCK", "", "O", 10.63, 59.05, 0, 315],
		[176, "U1_27", 1633.54, 695.13, "T", "SMD", "SPI2_MISO", "", "O", 10.63, 59.05, 0, 315],
		[177, "U1_28", 1619.62, 709.05, "T", "SMD", "SPI2_MOSI", "", "O", 10.63, 59.05, 0, 315],
		[178, "U1_29", 1605.7, 722.97, "T", "SMD", "U1_29", "", "O", 10.63, 59.05, 0, 315],
		[179, "U1_30", 1591.78, 736.89, "T", "SMD", "RXD", "", "O", 10.63, 59.05, 0, 315],
		[180, "U1_31", 1577.86, 750.81, "T", "SMD", "TXD", "", "O", 10.63, 59.05, 0, 315],
		[181, "U1_32", 1563.94, 764.73, "T", "SMD", "U1_32", "", "O", 10.63, 59.05, 0, 315],
		[182, "U1_33", 1550.02, 778.65, "T", "SMD", "U1_33", "", "O", 10.63, 59.05, 0, 315],
		[183, "U1_34", 1536.1, 792.57, "T", "SMD", "PA13_DIO", "", "O", 10.63, 59.05, 0, 315],
		[184, "U1_35", 1522.19, 806.49, "T", "SMD", "GND", "GND", "O", 10.63, 59.05, 0, 315],
		[185, "U1_36", 1508.26, 820.41, "T", "SMD", "3V3", "", "O", 10.63, 59.05, 0, 315],
		[186, "U1_37", 1424.75, 820.41, "T", "SMD", "PA14_CLK", "", "O", 59.05, 10.63, 0, 315],
		[187, "U1_38", 1410.83, 806.49, "T", "SMD", "U1_38", "", "O", 59.05, 10.63, 0, 315],
		[188, "U1_39", 1396.91, 792.57, "T", "SMD", "U1_39", "", "O", 59.05, 10.63, 0, 315],
		[189, "U1_40", 1382.99, 778.65, "T", "SMD", "U1_40", "", "O", 59.05, 10.63, 0, 315],
		[190, "U1_41", 1369.08, 764.73, "T", "SMD", "PB5_INT1", "", "O", 59.05, 10.63, 0, 315],
		[191, "U1_42", 1355.15, 750.81, "T", "SMD", "PB6_SCL", "", "O", 59.05, 10.63, 0, 315],
		[192, "U1_43", 1341.24, 736.89, "T", "SMD", "PB7_SDA", "", "O", 59.05, 10.63, 0, 315],
		[193, "U1_44", 1327.31, 722.97, "T", "SMD", "BOOT0", "", "O", 59.05, 10.63, 0, 315],
		[194, "U1_45", 1313.4, 709.05, "T", "SMD", "U1_45", "", "O", 59.05, 10.63, 0, 315],
		[195, "U1_46", 1299.48, 695.13, "T", "SMD", "U1_46", "", "O", 59.05, 10.63, 0, 315],
		[196, "U1_47", 1285.56, 681.21, "T", "SMD", "GND", "GND", "O", 59.05, 10.63, 0, 315],
		[197, "U1_48", 1271.64, 667.29, "T", "SMD", "3V3", "", "O", 59.05, 10.63, 0, 315],
		[198, "U2_1", 890.25, 703.28, "T", "SMD", "D+", "", "O", 24.8, 73.42, 0, 180],
		[199, "U2_2", 840.25, 703.28, "T", "SMD", "D-", "", "O", 24.8, 73.42, 0, 180],
		[200, "U2_3", 790.25, 703.28, "T", "SMD", "GND", "GND", "O", 24.8, 73.42, 0, 180],
		[201, "U2_4", 740.25, 703.28, "T", "SMD", "U2_4", "", "O", 24.8, 73.42, 0, 180],
		[202, "U2_5", 740.25, 492.06, "T", "SMD", "3V3", "", "O", 24.8, 73.42, 0, 180],
		[203, "U2_6", 790.25, 492.06, "T", "SMD", "TXD", "", "O", 24.8, 73.42, 0, 180],
		[204, "U2_7", 840.25, 492.06, "T", "SMD", "RXD", "", "O", 24.8, 73.42, 0, 180],
		[205, "U2_8", 890.25, 492.06, "T", "SMD", "$1N5022", "", "O", 24.8, 73.42, 0, 180],
		[206, "U3_1", 1851.51, 546.56, "B", "SMD", "SPI2_CS", "", "O", 24.8, 88.58, 0, 180],
		[207, "U3_2", 1801.51, 546.56, "B", "SMD", "SPI2_MISO", "", "O", 24.8, 88.58, 0, 180],
		[208, "U3_3", 1751.51, 546.56, "B", "SMD", "U3_3", "", "O", 24.8, 88.58, 0, 180],
		[209, "U3_4", 1701.51, 546.56, "B", "SMD", "GND", "GND", "O", 24.8, 88.58, 0, 180],
		[210, "U3_5", 1701.51, 824.52, "B", "SMD", "SPI2_MOSI", "", "O", 24.8, 88.58, 0, 180],
		[211, "U3_6", 1751.51, 824.52, "B", "SMD", "SPI2_SCK", "", "O", 24.8, 88.58, 0, 180],
		[212, "U3_7", 1801.51, 824.52, "B", "SMD", "U3_7", "", "O", 24.8, 88.58, 0, 180],
		[213, "U3_8", 1851.51, 824.52, "B", "SMD", "3V3", "", "O", 24.8, 88.58, 0, 180],
		[214, "U4_1", 1086.03, 961.06, "T", "SMD", "GND", "GND", "O", 11.02, 31.5, 0, 180],
		[215, "U4_2", 1066.35, 961.06, "T", "SMD", "U4_2", "", "O", 11.02, 31.5, 0, 180],
		[216, "U4_3", 1046.66, 961.06, "T", "SMD", "U4_3", "", "O", 11.02, 31.5, 0, 180],
		[217, "U4_4", 1026.98, 961.06, "T", "SMD", "U4_4", "", "O", 11.02, 31.5, 0, 180],
		[218, "U4_5", 1007.29, 961.06, "T", "SMD", "U4_5", "", "O", 11.02, 31.5, 0, 180],
		[219, "U4_6", 987.61, 961.06, "T", "SMD", "U4_6", "", "O", 11.02, 31.5, 0, 180],
		[220, "U4_7", 958.08, 931.53, "T", "SMD", "U4_7", "", "O", 31.5, 11.02, 0, 180],
		[221, "U4_8", 958.08, 911.85, "T", "SMD", "3V3", "", "O", 31.5, 11.02, 0, 180],
		[222, "U4_9", 958.08, 892.16, "T", "SMD", "GND", "GND", "O", 31.5, 11.02, 0, 180],
		[223, "U4_10", 958.08, 872.48, "T", "SMD", "$1N34559", "", "O", 31.5, 11.02, 0, 180],
		[224, "U4_11", 958.08, 852.79, "T", "SMD", "GND", "GND", "O", 31.5, 11.02, 0, 180],
		[225, "U4_12", 958.08, 833.11, "T", "SMD", "PB5_INT1", "", "O", 31.5, 11.02, 0, 180],
		[226, "U4_13", 987.61, 803.58, "T", "SMD", "3V3", "", "O", 11.02, 31.5, 0, 180],
		[227, "U4_14", 1007.29, 803.58, "T", "SMD", "U4_14", "", "O", 11.02, 31.5, 0, 180],
		[228, "U4_15", 1026.98, 803.58, "T", "SMD", "U4_15", "", "O", 11.02, 31.5, 0, 180],
		[229, "U4_16", 1046.66, 803.58, "T", "SMD", "U4_16", "", "O", 11.02, 31.5, 0, 180],
		[230, "U4_17", 1066.35, 803.58, "T", "SMD", "U4_17", "", "O", 11.02, 31.5, 0, 180],
		[231, "U4_18", 1085.72, 803.58, "T", "SMD", "GND", "GND", "O", 11.02, 31.5, 0, 180],
		[232, "U4_19", 1115.56, 833.11, "T", "SMD", "U4_19", "", "O", 31.5, 11.02, 0, 180],
		[233, "U4_20", 1115.56, 852.79, "T", "SMD", "$1N43151", "", "O", 31.5, 11.02, 0, 180],
		[234, "U4_21", 1115.56, 872.48, "T", "SMD", "U4_21", "", "O", 31.5, 11.02, 0, 180],
		[235, "U4_22", 1115.56, 892.16, "T", "SMD", "U4_22", "", "O", 31.5, 11.02, 0, 180],
		[236, "U4_23", 1115.56, 911.85, "T", "SMD", "PB6_SCL", "", "O", 31.5, 11.02, 0, 180],
		[237, "U4_24", 1115.56, 931.53, "T", "SMD", "PB7_SDA", "", "O", 31.5, 11.02, 0, 180],
		[238, "U4_25", 1036.33, 882.32, "T", "SMD", "U4_25", "", "R", 106.3, 106.3, 0, 180],
		[239, "USB1_1", 535.89, 725.02, "T", "SMD", "GND", "GND", "R", 21.65, 43.31, 0, 180],
		[240, "USB1_2", 504.39, 725.02, "T", "SMD", "VCC_USB", "", "R", 21.65, 43.31, 0, 180],
		[241, "USB1_3", 478.8, 725.02, "T", "SMD", "USB1_3", "", "R", 11.81, 43.31, 0, 180],
		[242, "USB1_4", 459.11, 725.02, "T", "SMD", "$1N9764", "", "R", 11.81, 43.31, 0, 180],
		[243, "USB1_5", 439.43, 725.02, "T", "SMD", "D-", "", "R", 11.81, 43.31, 0, 180],
		[244, "USB1_6", 419.75, 725.02, "T", "SMD", "D+", "", "R", 11.81, 43.31, 0, 180],
		[245, "USB1_7", 400.06, 725.02, "T", "SMD", "D-", "", "R", 11.81, 43.31, 0, 180],
		[246, "USB1_8", 380.38, 725.02, "T", "SMD", "D+", "", "R", 11.81, 43.31, 0, 180],
		[247, "USB1_9", 360.69, 725.02, "T", "SMD", "USB1_9", "", "R", 11.81, 43.31, 0, 180],
		[248, "USB1_10", 341, 725.02, "T", "SMD", "$1N9764", "", "R", 11.81, 43.31, 0, 180],
		[249, "USB1_11", 315.41, 725.02, "T", "SMD", "VCC_USB", "", "R", 21.65, 43.31, 0, 180],
		[250, "USB1_12", 283.92, 725.02, "T", "SMD", "GND", "GND", "R", 21.65, 43.31, 0, 180],
		[251, "USB1_13", 580.18, 746.67, "T", "DIP", "GND", "GND", "O", 43.31, 78.74, 59.05, 180],
		[252, "USB1_13", 580.18, 746.67, "B", "DIP", "GND", "GND", "O", 43.31, 78.74, 59.05, 180],
		[253, "USB1_13", 580.18, 912.03, "T", "DIP", "GND", "GND", "O", 47.24, 70.87, 47.24, 180],
		[254, "USB1_13", 580.18, 912.03, "B", "DIP", "GND", "GND", "O", 47.24, 70.87, 47.24, 180],
		[255, "USB1_14", 239.63, 746.67, "T", "DIP", "GND", "GND", "O", 43.31, 78.74, 59.06, 180],
		[256, "USB1_14", 239.63, 746.67, "B", "DIP", "GND", "GND", "O", 43.31, 78.74, 59.06, 180],
		[257, "USB1_14", 239.63, 912.03, "T", "DIP", "GND", "GND", "O", 47.24, 70.87, 47.24, 180],
		[258, "USB1_14", 239.63, 912.03, "B", "DIP", "GND", "GND", "O", 47.24, 70.87, 47.24, 180],
		[259, "X1_1", 1092.83, 286.56, "T", "SMD", "OSC_IN", "", "R", 55.12, 47.24, 0, 359.383],
		[260, "X1_2", 1179.44, 285.62, "T", "SMD", "GND", "GND", "R", 55.12, 47.24, 0, 359.383],
		[261, "X1_3", 1180.19, 354.52, "T", "SMD", "OSC_OUT", "", "R", 55.12, 47.24, 0, 359.383],
		[262, "X1_4", 1093.57, 355.45, "T", "SMD", "GND", "GND", "R", 55.12, 47.24, 0, 359.383]
	]
}
}