{
"lengthUnit": "mil",
"components": {
	"fields": ["COMPONENT_NO", "COMPONENT_NAME", "LAYER", "X_COORDINATE", "Y_COORDINATE", "ANGLE"],
	"rows": [
		[1, "C1", "T", 318.91, -465.68, 0],
		[2, "C2", "T", 320, -395, 0],
		[3, "C3", "T", 185, -395, 0],
		[4, "C4", "T", 310, 60, 180],
		[5, "C5", "T", 450, -330, 0],
		[6, "C8", "T", 575, -330, 180],
		[7, "C9", "T", 450, -465, 0],
		[8, "C10", "T", 495, 10, 180],
		[9, "C11", "T", 495, 80, 180],
		[10, "L1", "T", 185, -330, 0],
		[11, "L2", "T", 450, -395, 180],
		[12, "L3", "T", 575, -395, 0],
		[13, "R1", "T", 320, -530, 180],
		[14, "R2", "T", 450, -530, 180],
		[15, "R3", "T", 320, -330, 180],
		[16, "R4", "T", 495, -55, 180],
		[17, "R5", "T", 695, -395, 0],
		[18, "U1", "T", 310, -130, 0],
		[19, "U2", "T", 500, -165, 270],
		[20, "X1", "T", 105, -75, 270],
		[21, "X2", "T", 685, -75, 270],
		[22, "PAD1", "T", 395, -780, 0],
		[23, "PAD2", "B", 195, -780, 0],
		[24, "PAD3", "T", 195, -780, 0],
		[25, "PAD4", "B", 495, -780, 0],
		[26, "PAD5", "T", 495, -780, 0],
		[27, "PAD6", "B", 595, -780, 0],
		[28, "PAD7", "T", 595, -780, 0],
		[29, "PAD8", "B", 395, -780, 0],
		[30, "PAD9", "B", 295, -780, 0],
		[31, "PAD10", "T", 295, -780, 0],
		[32, "PAD11", "T", 550, -465, 0],
		[33, "PAD11", "B", 550, -465, 0],
		[34, "PAD12", "T", 210, -470, 0],
		[35, "PAD12", "B", 210, -470, 0]
	]
},
"pins": {
	"fields": ["PIN_NO", "PIN_NAME", "PIN_X", "PIN_Y", "LAYER", "PIN_TYPE", "NET_NAME", "NET_TYPE", "PAD_SHAPE", "PAD_SIZEX", "PAD_SIZEY", "HOLE_SIZE", "PAD_ANGLE"],
	"rows": [
		[1, "C1_1", 291.35, -465.68, "T", "SMD", "3V3", "", "R", 31.5, 35.43, 0, 0],
		[2, "C1_2", 346.47, -465.68, "T", "SMD", "GND", "GND", "R", 31.5, 35.43, 0, 0],
		[3, "C2_1", 292.44, -395, "T", "SMD", "GND", "GND", "R", 31.5, 35.43, 0, 0],
		[4, "C2_2", 347.56, -395, "T", "SMD", "$1N1077", "", "R", 31.5, 35.43, 0, 0],
		[5, "C3_1", 157.44, -395, "T", "SMD", "GND", "GND", "R", 31.5, 35.43, 0, 0],
		[6, "C3_2", 212.56, -395, "T", "SMD", "ANT1", "", "R", 31.5, 35.43, 0, 0],
		[7, "C4_1", 337.56, 60, "T", "SMD", "GND", "GND", "R", 31.5, 35.43, 0, 180],
		[8, "C4_2", 282.44, 60, "T", "SMD", "$1N1103", "", "R", 31.5, 35.43, 0, 180],
		[9, "C5_1", 422.44, -330, "T", "SMD", "$1N1117", "", "R", 31.5, 35.43, 0, 0],
		[10, "C5_2", 477.56, -330, "T", "SMD", "$1N1114", "", "R", 31.5, 35.43, 0, 0],
		[11, "C8_1", 602.56, -330, "T", "SMD", "GND", "GND", "R", 31.5, 35.43, 0, 180],
		[12, "C8_2", 547.44, -330, "T", "SMD", "3V3", "", "R", 31.5, 35.43, 0, 180],
		[13, "C9_1", 422.44, -465, "T", "SMD", "GND", "GND", "R", 31.5, 35.43, 0, 0],
		[14, "C9_2", 477.56, -465, "T", "SMD", "ANT2", "", "R", 31.5, 35.43, 0, 0],
		[15, "C10_1", 522.56, 10, "T", "SMD", "$1N5426", "", "R", 31.5, 35.43, 0, 180],
		[16, "C10_2", 467.44, 10, "T", "SMD", "3V3", "", "R", 31.5, 35.43, 0, 180],
		[17, "C11_1", 522.56, 80, "T", "SMD", "$1N5426", "", "R", 31.5, 35.43, 0, 180],
		[18, "C11_2", 467.44, 80, "T", "SMD", "3V3", "", "R", 31.5, 35.43, 0, 180],
		[19, "L1_1", 157.44, -330, "T", "SMD", "GND", "GND", "R", 31.5, 34.02, 0, 180],
		[20, "L1_2", 212.56, -330, "T", "SMD", "ANT1", "", "R", 31.5, 34.02, 0, 180],
		[21, "L2_1", 477.55, -395, "T", "SMD", "ANT2", "", "R", 31.5, 34.02, 0, 0],
		[22, "L2_2", 422.45, -395, "T", "SMD", "$1N1117", "", "R", 31.5, 34.02, 0, 0],
		[23, "L3_1", 547.45, -395, "T", "SMD", "$1N1114", "", "R", 31.5, 34.02, 0, 180],
		[24, "L3_2", 602.55, -395, "T", "SMD", "$1N5451", "", "R", 31.5, 34.02, 0, 180],
		[25, "R1_1", 349.66, -530, "T", "SMD", "PB1", "", "R", 31.75, 34.02, 0, 180],
		[26, "R1_2", 290.34, -530, "T", "SMD", "3V3", "", "R", 31.75, 34.02, 0, 180],
		[27, "R2_1", 479.66, -530, "T", "SMD", "GND", "GND", "R", 31.75, 34.02, 0, 180],
		[28, "R2_2", 420.34, -530, "T", "SMD", "PB1", "", "R", 31.75, 34.02, 0, 180],
		[29, "R3_1", 349.66, -330, "T", "SMD", "$1N1077", "", "R", 31.75, 34.02, 0, 180],
		[30, "R3_2", 290.34, -330, "T", "SMD", "3V3", "", "R", 31.75, 34.02, 0, 180],
		[31, "R4_1", 524.66, -55, "T", "SMD", "$1N5426", "", "R", 31.75, 34.02, 0, 180],
		[32, "R4_2", 465.34, -55, "T", "SMD", "PA6", "", "R", 31.75, 34.02, 0, 180],
		[33, "R5_1", 665.34, -395, "T", "SMD", "3V3", "", "R", 31.75, 34.02, 0, 0],
		[34, "R5_2", 724.66, -395, "T", "SMD", "$1N5451", "", "R", 31.75, 34.02, 0, 0],
		[35, "U1_1", 235, -236.5, "T", "SMD", "GND", "GND", "O", 22.38, 76.78, 0, 0],
		[36, "U1_2", 285, -236.5, "T", "SMD", "ANT1", "", "O", 22.38, 76.78, 0, 0],
		[37, "U1_3", 335, -236.5, "T", "SMD", "3V3", "", "O", 22.38, 76.78, 0, 0],
		[38, "U1_4", 385, -236.5, "T", "SMD", "$1N1077", "", "O", 22.38, 76.78, 0, 0],
		[39, "U1_5", 385, -23.5, "T", "SMD", "PA7", "", "O", 22.38, 76.78, 0, 0],
		[40, "U1_6", 335, -23.5, "T", "SMD", "GND", "GND", "O", 22.38, 76.78, 0, 0],
		[41, "U1_7", 285, -23.5, "T", "SMD", "$1N1103", "", "O", 22.38, 76.78, 0, 0],
		[42, "U1_8", 235, -23.5, "T", "SMD", "$1N1101", "", "O", 22.38, 76.78, 0, 0],
		[43, "U2_1", 462.6, -218.15, "T", "SMD", "$1N1114", "", "R", 43.31, 23.62, 0, 270],
		[44, "U2_2", 500, -218.15, "T", "SMD", "GND", "GND", "R", 43.31, 23.62, 0, 270],
		[45, "U2_3", 537.4, -218.15, "T", "SMD", "3V3", "", "R", 43.31, 23.62, 0, 270],
		[46, "U2_4", 537.4, -111.85, "T", "SMD", "$1N7737", "", "R", 43.31, 23.62, 0, 270],
		[47, "U2_5", 500, -111.85, "T", "SMD", "$1N7729", "", "R", 43.31, 23.62, 0, 270],
		[48, "U2_6", 462.6, -111.85, "T", "SMD", "PA6", "", "R", 43.31, 23.62, 0, 270],
		[49, "X1_1", 105, 21.06, "T", "DIP", "$1N1101", "", "C", 70.87, 70.87, 35.43, 270],
		[50, "X1_1", 105, 21.06, "B", "DIP", "$1N1101", "", "C", 70.87, 70.87, 35.43, 270],
		[51, "X1_2", 105, -171.06, "T", "DIP", "GND", "GND", "C", 70.87, 70.87, 35.43, 270],
		[52, "X1_2", 105, -171.06, "B", "DIP", "GND", "GND", "C", 70.87, 70.87, 35.43, 270],
		[53, "X2_1", 685, 21.06, "T", "DIP", "$1N7737", "", "C", 70.87, 70.87, 35.43, 270],
		[54, "X2_1", 685, 21.06, "B", "DIP", "$1N7737", "", "C", 70.87, 70.87, 35.43, 270],
		[55, "X2_2", 685, -171.06, "T", "DIP", "$1N7729", "", "C", 70.87, 70.87, 35.43, 270],
		[56, "X2_2", 685, -171.06, "B", "DIP", "$1N7729", "", "C", 70.87, 70.87, 35.43, 270],
		[57, "PAD1_4", 395, -780, "T", "SMD", "PA6", "", "R", 62.99, 314.96, 0, 0],
		[58, "PAD2_4", 195, -780, "B", "SMD", "GND", "GND", "R", 62.99, 314.96, 0, 0],
		[59, "PAD3_4", 195, -780, "T", "SMD", "3V3", "", "R", 62.99, 314.96, 0, 0],
		[60, "PAD4_4", 495, -780, "B", "SMD", "PB1", "", "R", 62.99, 314.96, 0, 0],
		[61, "PAD5_4", 495, -780, "T", "SMD", "PB10", "", "R", 62.99, 314.96, 0, 0],
		[62, "PAD6_4", 595, -780, "B", "SMD", "PB0", "", "R", 62.99, 314.96, 0, 0],
		[63, "PAD7_4", 595, -780, "T", "SMD", "PB11", "", "R", 62.99, 314.96, 0, 0],
		[64, "PAD8_4", 395, -780, "B", "SMD", "PA7", "", "R", 62.99, 314.96, 0, 0],
		[65, "PAD9_4", 295, -780, "B", "SMD", "PA5", "", "R", 62.99, 314.96, 0, 0],
		[66, "PAD10_4", 295, -780, "T", "SMD", "PA4", "", "R", 62.99, 314.96, 0, 0],
		[67, "PAD11_9", 550, -465, "T", "DIP", "ANT2", "", "C", 55.12, 55.12, 31.5, 0],
		[68, "PAD11_9", 550, -465, "B", "DIP", "ANT2", "", "C", 55.12, 55.12, 31.5, 0],
		[69, "PAD12_10", 210, -470, "T", "DIP", "ANT1", "", "C", 55.12, 55.12, 31.5, 0],
		[70, "PAD12_10", 210, -470, "B", "DIP", "ANT1", "", "C", 55.12, 55.12, 31.5, 0]
	]
}
}