{
"lengthUnit": "mil",
"components": {
	"fields": ["COMPONENT_NO", "COMPONENT_NAME", "LAYER", "X_COORDINATE", "Y_COORDINATE", "ANGLE"],
	"rows": [
		[1, "ANT1", "T", 719.68, -233.35, 0],
		[2, "C4", "T", 389.37, -400.67, 90],
		[3, "C5", "T", 530.31, -443.58, 90],
		[4, "C6", "T", 483.46, -443.98, 270],
		[5, "C7", "T", 341.34, -443.19, 270],
		[6, "C9", "T", 666.14, -566.42, 180],
		[7, "C10", "T", 664.17, -393.98, 180],
		[8, "C11", "T", 406.69, -276.26, 90],
		[9, "C12", "T", 248.82, -779.8, 90],
		[10, "C13", "T", 476.77, -829.01, 0],
		[11, "C16", "T", 665.35, -612.48, 180],
		[12, "C17", "T", 216.73, -421.34, 180],
		[13, "C18", "T", 217.91, -468.58, 180],
		[14, "C19", "T", 202.55, -779.6, 270],
		[15, "L1", "T", 294.49, -443.98, 90],
		[16, "L2", "T", 436.61, -400.67, 90],
		[17, "L4", "T", 455.12, -277.05, 90],
		[18, "L5", "T", 360.24, -275.47, 270],
		[19, "R1", "T", 665.35, -659.72, 180],
		[20, "R2", "T", 665.35, -708.15, 0],
		[21, "R3", "T", 230.31, -546.34, 180],
		[22, "R4", "T", 312.99, -283.74, 90],
		[23, "U1", "T", 411.38, -664.91, 90],
		[24, "U2", "B", 91.73, -715.23, 90],
		[25, "X1", "T", 664.17, -475.08, 90],
		[26, "PAD1", "T", 196.18, -1088.42, 0],
		[27, "PAD2", "T", 296.18, -1088.42, 0],
		[28, "PAD3", "T", 396.18, -1088.42, 0],
		[29, "PAD4", "T", 496.18, -1088.42, 0],
		[30, "PAD5", "T", 596.18, -1088.42, 0],
		[31, "PAD6", "B", 196.18, -1088.42, 0],
		[32, "PAD7", "B", 296.18, -1088.42, 0],
		[33, "PAD8", "B", 396.18, -1088.42, 0],
		[34, "PAD9", "B", 496.18, -1088.42, 0],
		[35, "PAD10", "B", 596.18, -1088.42, 0]
	]
},
"pins": {
	"fields": ["PIN_NO", "PIN_NAME", "PIN_X", "PIN_Y", "LAYER", "PIN_TYPE", "NET_NAME", "NET_TYPE", "PAD_SHAPE", "PAD_SIZEX", "PAD_SIZEY", "HOLE_SIZE", "PAD_ANGLE"],
	"rows": [
		[1, "ANT1_1", 313.21, -233.35, "T", "SMD", "ANT", "", "R", 19.68, 19.68, 0, 180],
		[2, "ANT1_2", 230.53, -233.35, "T", "SMD", "GND", "GND", "R", 35.43, 19.68, 0, 180],
		[3, "C4_1", 389.37, -422.13, "T", "SMD", "$1N1340", "", "R", 31.11, 21.26, 0, 90],
		[4, "C4_2", 389.37, -379.21, "T", "SMD", "$1N1342", "", "R", 31.11, 21.26, 0, 90],
		[5, "C5_1", 530.31, -465.04, "T", "SMD", "GND", "GND", "R", 31.11, 21.26, 0, 90],
		[6, "C5_2", 530.31, -422.12, "T", "SMD", "$1N1341", "", "R", 31.11, 21.26, 0, 90],
		[7, "C6_1", 483.46, -422.52, "T", "SMD", "$1N1341", "", "R", 31.11, 21.26, 0, 270],
		[8, "C6_2", 483.46, -465.44, "T", "SMD", "$1N1310", "", "R", 31.11, 21.26, 0, 270],
		[9, "C7_1", 341.34, -421.73, "T", "SMD", "$1N1340", "", "R", 31.11, 21.26, 0, 270],
		[10, "C7_2", 341.34, -464.65, "T", "SMD", "$1N1311", "", "R", 31.11, 21.26, 0, 270],
		[11, "C9_1", 687.6, -566.42, "T", "SMD", "GND", "GND", "R", 31.11, 21.26, 0, 180],
		[12, "C9_2", 644.68, -566.42, "T", "SMD", "$1N1308", "", "R", 31.11, 21.26, 0, 180],
		[13, "C10_1", 685.63, -393.98, "T", "SMD", "GND", "GND", "R", 31.11, 21.26, 0, 180],
		[14, "C10_2", 642.71, -393.98, "T", "SMD", "$1N1309", "", "R", 31.11, 21.26, 0, 180],
		[15, "C11_1", 406.69, -297.72, "T", "SMD", "GND", "GND", "R", 31.11, 21.26, 0, 90],
		[16, "C11_2", 406.69, -254.8, "T", "SMD", "$1N1319", "", "R", 31.11, 21.26, 0, 90],
		[17, "C12_1", 248.82, -801.26, "T", "SMD", "GND", "GND", "R", 31.11, 21.26, 0, 90],
		[18, "C12_2", 248.82, -758.34, "T", "SMD", "$1N1334", "", "R", 31.11, 21.26, 0, 90],
		[19, "C13_1", 455.31, -829.01, "T", "SMD", "GND", "GND", "R", 31.11, 21.26, 0, 0],
		[20, "C13_2", 498.23, -829.01, "T", "SMD", "3V3", "", "R", 31.11, 21.26, 0, 0],
		[21, "C16_1", 686.81, -612.48, "T", "SMD", "GND", "GND", "R", 31.11, 21.26, 0, 180],
		[22, "C16_2", 643.89, -612.48, "T", "SMD", "3V3", "", "R", 31.11, 21.26, 0, 180],
		[23, "C17_1", 238.19, -421.34, "T", "SMD", "3V3", "", "R", 31.11, 21.26, 0, 180],
		[24, "C17_2", 195.27, -421.34, "T", "SMD", "GND", "GND", "R", 31.11, 21.26, 0, 180],
		[25, "C18_1", 239.37, -468.58, "T", "SMD", "3V3", "", "R", 31.11, 21.26, 0, 180],
		[26, "C18_2", 196.45, -468.58, "T", "SMD", "GND", "GND", "R", 31.11, 21.26, 0, 180],
		[27, "C19_1", 202.55, -758.14, "T", "SMD", "3V3", "", "R", 31.11, 21.26, 0, 270],
		[28, "C19_2", 202.55, -801.06, "T", "SMD", "GND", "GND", "R", 31.11, 21.26, 0, 270],
		[29, "L1_1", 294.49, -465.44, "T", "SMD", "GND", "GND", "R", 31.11, 21.26, 0, 90],
		[30, "L1_2", 294.49, -422.52, "T", "SMD", "$1N1340", "", "R", 31.11, 21.26, 0, 90],
		[31, "L2_1", 436.61, -422.13, "T", "SMD", "$1N1341", "", "R", 31.11, 21.26, 0, 90],
		[32, "L2_2", 436.61, -379.21, "T", "SMD", "$1N1342", "", "R", 31.11, 21.26, 0, 90],
		[33, "L4_1", 455.12, -298.51, "T", "SMD", "$1N1342", "", "R", 31.11, 21.26, 0, 90],
		[34, "L4_2", 455.12, -255.59, "T", "SMD", "$1N1319", "", "R", 31.11, 21.26, 0, 90],
		[35, "L5_1", 360.24, -254.01, "T", "SMD", "$1N1319", "", "R", 31.11, 21.26, 0, 270],
		[36, "L5_2", 360.24, -296.93, "T", "SMD", "$1N1323", "", "R", 31.11, 21.26, 0, 270],
		[37, "R1_1", 682.39, -659.72, "T", "SMD", "PB1", "", "R", 22.27, 21.26, 0, 180],
		[38, "R1_2", 648.31, -659.72, "T", "SMD", "3V3", "", "R", 22.27, 21.26, 0, 180],
		[39, "R2_1", 648.31, -708.15, "T", "SMD", "GND", "GND", "R", 22.27, 21.26, 0, 0],
		[40, "R2_2", 682.39, -708.15, "T", "SMD", "PB1", "", "R", 22.27, 21.26, 0, 0],
		[41, "R3_1", 247.35, -546.34, "T", "SMD", "$1N1337", "", "R", 22.27, 21.26, 0, 180],
		[42, "R3_2", 213.27, -546.34, "T", "SMD", "GND", "GND", "R", 22.27, 21.26, 0, 180],
		[43, "R4_1", 312.99, -300.78, "T", "SMD", "$1N1323", "", "R", 22.27, 21.26, 0, 90],
		[44, "R4_2", 312.99, -266.7, "T", "SMD", "ANT", "", "R", 22.27, 21.26, 0, 90],
		[45, "U1_1", 322.8, -783.02, "T", "SMD", "GND", "GND", "R", 11.02, 31.5, 0, 180],
		[46, "U1_2", 342.48, -783.02, "T", "SMD", "U1_2", "", "R", 11.02, 31.5, 0, 180],
		[47, "U1_3", 362.17, -783.02, "T", "SMD", "U1_3", "", "R", 11.02, 31.5, 0, 180],
		[48, "U1_4", 381.85, -783.02, "T", "SMD", "3V3", "", "R", 11.02, 31.5, 0, 180],
		[49, "U1_5", 401.54, -783.02, "T", "SMD", "P1_5", "", "R", 11.02, 31.5, 0, 180],
		[50, "U1_6", 421.22, -783.02, "T", "SMD", "P1_4", "", "R", 11.02, 31.5, 0, 180],
		[51, "U1_7", 440.91, -783.02, "T", "SMD", "U1_7", "", "R", 11.02, 31.5, 0, 180],
		[52, "U1_8", 460.59, -783.02, "T", "SMD", "U1_8", "", "R", 11.02, 31.5, 0, 180],
		[53, "U1_9", 480.28, -783.02, "T", "SMD", "U1_9", "", "R", 11.02, 31.5, 0, 180],
		[54, "U1_10", 499.96, -783.02, "T", "SMD", "3V3", "", "R", 11.02, 31.5, 0, 180],
		[55, "U1_11", 529.49, -753.49, "T", "SMD", "U1_11", "", "R", 11.02, 31.5, 0, 90],
		[56, "U1_12", 529.49, -733.81, "T", "SMD", "U1_12", "", "R", 11.02, 31.5, 0, 90],
		[57, "U1_13", 529.49, -714.12, "T", "SMD", "U1_13", "", "R", 11.02, 31.5, 0, 90],
		[58, "U1_14", 529.49, -694.44, "T", "SMD", "U1_14", "", "R", 11.02, 31.5, 0, 90],
		[59, "U1_15", 529.49, -674.75, "T", "SMD", "U1_15", "", "R", 11.02, 31.5, 0, 90],
		[60, "U1_16", 529.49, -655.07, "T", "SMD", "PB11", "", "R", 11.02, 31.5, 0, 90],
		[61, "U1_17", 529.49, -635.38, "T", "SMD", "PB10", "", "R", 11.02, 31.5, 0, 90],
		[62, "U1_18", 529.49, -615.7, "T", "SMD", "U1_18", "", "R", 11.02, 31.5, 0, 90],
		[63, "U1_19", 529.49, -596.01, "T", "SMD", "U1_19", "", "R", 11.02, 31.5, 0, 90],
		[64, "U1_20", 529.49, -576.33, "T", "SMD", "PB0", "", "R", 11.02, 31.5, 0, 90],
		[65, "U1_21", 499.96, -546.8, "T", "SMD", "3V3", "", "R", 11.02, 31.5, 0, 180],
		[66, "U1_22", 480.28, -546.8, "T", "SMD", "$1N1308", "", "R", 11.02, 31.5, 0, 180],
		[67, "U1_23", 460.59, -546.8, "T", "SMD", "$1N1309", "", "R", 11.02, 31.5, 0, 180],
		[68, "U1_24", 440.91, -546.8, "T", "SMD", "3V3", "", "R", 11.02, 31.5, 0, 180],
		[69, "U1_25", 421.22, -546.8, "T", "SMD", "$1N1310", "", "R", 11.02, 31.5, 0, 180],
		[70, "U1_26", 401.54, -546.8, "T", "SMD", "$1N1311", "", "R", 11.02, 31.5, 0, 180],
		[71, "U1_27", 381.85, -546.8, "T", "SMD", "3V3", "", "R", 11.02, 31.5, 0, 180],
		[72, "U1_28", 362.17, -546.8, "T", "SMD", "3V3", "", "R", 11.02, 31.5, 0, 180],
		[73, "U1_29", 342.48, -546.8, "T", "SMD", "3V3", "", "R", 11.02, 31.5, 0, 180],
		[74, "U1_30", 322.8, -546.8, "T", "SMD", "$1N1337", "", "R", 11.02, 31.5, 0, 180],
		[75, "U1_31", 293.27, -576.33, "T", "SMD", "3V3", "", "R", 11.02, 31.5, 0, 90],
		[76, "U1_32", 293.27, -596.01, "T", "SMD", "U1_32", "", "R", 11.02, 31.5, 0, 90],
		[77, "U1_33", 293.27, -615.7, "T", "SMD", "U1_33", "", "R", 11.02, 31.5, 0, 90],
		[78, "U1_34", 293.27, -635.38, "T", "SMD", "P2_2", "", "R", 11.02, 31.5, 0, 90],
		[79, "U1_35", 293.27, -655.07, "T", "SMD", "P2_1", "", "R", 11.02, 31.5, 0, 90],
		[80, "U1_36", 293.27, -674.75, "T", "SMD", "P2_0", "", "R", 11.02, 31.5, 0, 90],
		[81, "U1_37", 293.27, -694.44, "T", "SMD", "P1_7", "", "R", 11.02, 31.5, 0, 90],
		[82, "U1_38", 293.27, -714.12, "T", "SMD", "P1_6", "", "R", 11.02, 31.5, 0, 90],
		[83, "U1_39", 293.27, -733.81, "T", "SMD", "3V3", "", "R", 11.02, 31.5, 0, 90],
		[84, "U1_40", 293.27, -753.49, "T", "SMD", "$1N1334", "", "R", 11.02, 31.5, 0, 90],
		[85, "U1_41", 411.38, -664.91, "T", "SMD", "U1_41", "", "R", 181.1, 181.1, 0, 90],
		[86, "U2_1", 66.73, -815.23, "T", "DIP", "GND", "GND", "R", 39.37, 39.37, 27.56, 90],
		[87, "U2_1", 66.73, -815.23, "B", "DIP", "GND", "GND", "R", 39.37, 39.37, 27.56, 90],
		[88, "U2_2", 116.73, -815.23, "T", "DIP", "3V3", "", "C", 39.37, 39.37, 27.56, 90],
		[89, "U2_2", 116.73, -815.23, "B", "DIP", "3V3", "", "C", 39.37, 39.37, 27.56, 90],
		[90, "U2_3", 66.73, -765.23, "T", "DIP", "P2_2", "", "C", 39.37, 39.37, 27.56, 90],
		[91, "U2_3", 66.73, -765.23, "B", "DIP", "P2_2", "", "C", 39.37, 39.37, 27.56, 90],
		[92, "U2_4", 116.73, -765.23, "T", "DIP", "P2_1", "", "C", 39.37, 39.37, 27.56, 90],
		[93, "U2_4", 116.73, -765.23, "B", "DIP", "P2_1", "", "C", 39.37, 39.37, 27.56, 90],
		[94, "U2_5", 66.73, -715.23, "T", "DIP", "P1_4", "", "C", 39.37, 39.37, 27.56, 90],
		[95, "U2_5", 66.73, -715.23, "B", "DIP", "P1_4", "", "C", 39.37, 39.37, 27.56, 90],
		[96, "U2_6", 116.73, -715.23, "T", "DIP", "P1_5", "", "C", 39.37, 39.37, 27.56, 90],
		[97, "U2_6", 116.73, -715.23, "B", "DIP", "P1_5", "", "C", 39.37, 39.37, 27.56, 90],
		[98, "U2_7", 66.73, -665.23, "T", "DIP", "PB0", "", "C", 39.37, 39.37, 27.56, 90],
		[99, "U2_7", 66.73, -665.23, "B", "DIP", "PB0", "", "C", 39.37, 39.37, 27.56, 90],
		[100, "U2_8", 116.73, -665.23, "T", "DIP", "P1_6", "", "C", 39.37, 39.37, 27.56, 90],
		[101, "U2_8", 116.73, -665.23, "B", "DIP", "P1_6", "", "C", 39.37, 39.37, 27.56, 90],
		[102, "U2_9", 66.73, -615.23, "T", "DIP", "3V3", "", "C", 39.37, 39.37, 27.56, 90],
		[103, "U2_9", 66.73, -615.23, "B", "DIP", "3V3", "", "C", 39.37, 39.37, 27.56, 90],
		[104, "U2_10", 116.73, -615.23, "T", "DIP", "P1_7", "", "C", 39.37, 39.37, 27.56, 90],
		[105, "U2_10", 116.73, -615.23, "B", "DIP", "P1_7", "", "C", 39.37, 39.37, 27.56, 90],
		[106, "X1_1", 685.82, -502.64, "T", "SMD", "$1N1308", "", "R", 35.43, 31.5, 0, 90],
		[107, "X1_2", 685.82, -447.52, "T", "SMD", "GND", "GND", "R", 35.43, 31.5, 0, 90],
		[108, "X1_3", 642.52, -447.52, "T", "SMD", "$1N1309", "", "R", 35.43, 31.5, 0, 90],
		[109, "X1_4", 642.52, -502.64, "T", "SMD", "GND", "GND", "R", 35.43, 31.5, 0, 90],
		[110, "PAD1_4", 196.18, -1088.42, "T", "SMD", "3V3", "", "R", 62.99, 314.96, 0, 0],
		[111, "PAD2_4", 296.18, -1088.42, "T", "SMD", "PA4", "", "R", 62.99, 314.96, 0, 0],
		[112, "PAD3_4", 396.18, -1088.42, "T", "SMD", "PA6", "", "R", 62.99, 314.96, 0, 0],
		[113, "PAD4_4", 496.18, -1088.42, "T", "SMD", "PB10", "", "R", 62.99, 314.96, 0, 0],
		[114, "PAD5_4", 596.18, -1088.42, "T", "SMD", "PB11", "", "R", 62.99, 314.96, 0, 0],
		[115, "PAD6_4", 196.18, -1088.42, "B", "SMD", "GND", "GND", "R", 62.99, 314.96, 0, 0],
		[116, "PAD7_4", 296.18, -1088.42, "B", "SMD", "PA5", "", "R", 62.99, 314.96, 0, 0],
		[117, "PAD8_4", 396.18, -1088.42, "B", "SMD", "PA7", "", "R", 62.99, 314.96, 0, 0],
		[118, "PAD9_4", 496.18, -1088.42, "B", "SMD", "PB1", "", "R", 62.99, 314.96, 0, 0],
		[119, "PAD10_4", 596.18, -1088.42, "B", "SMD", "PB0", "", "R", 62.99, 314.96, 0, 0]
	]
}
}