{
"lengthUnit": "mil",
"components": {
	"fields": ["COMPONENT_NO", "COMPONENT_NAME", "LAYER", "X_COORDINATE", "Y_COORDINATE", "ANGLE"],
	"rows": [
		[1, "C1", "T", 555, -215, 180],
		[2, "IR_REC", "T", 625, -95, 180],
		[3, "IR_TRASM", "T", 185, -125, 180],
		[4, "Q1", "T", 235, -330, 0],
		[5, "R1", "T", 524, -460, 90],
		[6, "R2", "T", 605, -460, 270],
		[7, "R3", "T", 200, -460, 270],
		[8, "R4", "T", 281, -460, 90],
		[9, "R5", "T", 443, -460, 90],
		[10, "R6", "T", 362, -460, 90],
		[11, "PAD1", "T", 195, -785, 0],
		[12, "PAD2", "T", 295, -785, 0],
		[13, "PAD3", "T", 395, -785, 0],
		[14, "PAD4", "T", 495, -785, 0],
		[15, "PAD5", "T", 595, -785, 0],
		[16, "PAD6", "B", 195, -785, 0],
		[17, "PAD7", "B", 295, -785, 0],
		[18, "PAD8", "B", 395, -785, 0],
		[19, "PAD9", "B", 495, -785, 0],
		[20, "PAD10", "B", 595, -785, 0]
	]
},
"pins": {
	"fields": ["PIN_NO", "PIN_NAME", "PIN_X", "PIN_Y", "LAYER", "PIN_TYPE", "NET_NAME", "NET_TYPE", "PAD_SHAPE", "PAD_SIZEX", "PAD_SIZEY", "HOLE_SIZE", "PAD_ANGLE"],
	"rows": [
		[1, "C1_1", 582.56, -215, "T", "SMD", "GND", "GND", "R", 31.5, 35.43, 0, 180],
		[2, "C1_2", 527.44, -215, "T", "SMD", "3V3", "", "R", 31.5, 35.43, 0, 180],
		[3, "IR_REC_1", 725, -95, "T", "DIP", "$1N1035", "", "R", 60, 60, 39.37, 180],
		[4, "IR_REC_1", 725, -95, "B", "DIP", "$1N1035", "", "R", 60, 60, 39.37, 180],
		[5, "IR_REC_2", 625, -95, "T", "DIP", "GND", "GND", "C", 60, 60, 39.37, 180],
		[6, "IR_REC_2", 625, -95, "B", "DIP", "GND", "GND", "C", 60, 60, 39.37, 180],
		[7, "IR_REC_3", 525, -95, "T", "DIP", "3V3", "", "C", 60, 60, 39.37, 180],
		[8, "IR_REC_3", 525, -95, "B", "DIP", "3V3", "", "C", 60, 60, 39.37, 180],
		[9, "IR_TRASM_1", 235, -125, "T", "DIP", "$1N195", "", "C", 62.99, 62.99, 39.37, 180],
		[10, "IR_TRASM_1", 235, -125, "B", "DIP", "$1N195", "", "C", 62.99, 62.99, 39.37, 180],
		[11, "IR_TRASM_2", 135, -125, "T", "DIP", "GND", "GND", "C", 62.99, 62.99, 39.37, 180],
		[12, "IR_TRASM_2", 135, -125, "B", "DIP", "GND", "GND", "C", 62.99, 62.99, 39.37, 180],
		[13, "Q1_1", 283.63, -367.4, "T", "SMD", "$1N793", "", "R", 42.13, 23.62, 0, 0],
		[14, "Q1_2", 283.63, -292.6, "T", "SMD", "$1N195", "", "R", 42.13, 23.62, 0, 0],
		[15, "Q1_3", 186.38, -330, "T", "SMD", "$1N835", "", "R", 42.13, 23.62, 0, 0],
		[16, "R1_1", 524, -489.66, "T", "SMD", "PB1", "", "R", 31.75, 34.02, 0, 90],
		[17, "R1_2", 524, -430.34, "T", "SMD", "3V3", "", "R", 31.75, 34.02, 0, 90],
		[18, "R2_1", 605, -430.34, "T", "SMD", "GND", "GND", "R", 31.75, 34.02, 0, 270],
		[19, "R2_2", 605, -489.66, "T", "SMD", "PB1", "", "R", 31.75, 34.02, 0, 270],
		[20, "R3_1", 200, -430.34, "T", "SMD", "$1N835", "", "R", 31.75, 34.02, 0, 270],
		[21, "R3_2", 200, -489.66, "T", "SMD", "3V3", "", "R", 31.75, 34.02, 0, 270],
		[22, "R4_1", 281, -489.66, "T", "SMD", "PA6", "", "R", 31.75, 34.02, 0, 90],
		[23, "R4_2", 281, -430.34, "T", "SMD", "$1N793", "", "R", 31.75, 34.02, 0, 90],
		[24, "R5_1", 443, -489.66, "T", "SMD", "3V3", "", "R", 31.75, 34.02, 0, 90],
		[25, "R5_2", 443, -430.34, "T", "SMD", "PA7", "", "R", 31.75, 34.02, 0, 90],
		[26, "R6_1", 362, -489.66, "T", "SMD", "PA7", "", "R", 31.75, 34.02, 0, 90],
		[27, "R6_2", 362, -430.34, "T", "SMD", "$1N1035", "", "R", 31.75, 34.02, 0, 90],
		[28, "PAD1_4", 195, -785, "T", "SMD", "3V3", "", "R", 62.99, 314.96, 0, 0],
		[29, "PAD2_4", 295, -785, "T", "SMD", "PA4", "", "R", 62.99, 314.96, 0, 0],
		[30, "PAD3_4", 395, -785, "T", "SMD", "PA6", "", "R", 62.99, 314.96, 0, 0],
		[31, "PAD4_4", 495, -785, "T", "SMD", "PB10", "", "R", 62.99, 314.96, 0, 0],
		[32, "PAD5_4", 595, -785, "T", "SMD", "PB11", "", "R", 62.99, 314.96, 0, 0],
		[33, "PAD6_4", 195, -785, "B", "SMD", "GND", "GND", "R", 62.99, 314.96, 0, 0],
		[34, "PAD7_4", 295, -785, "B", "SMD", "PA5", "", "R", 62.99, 314.96, 0, 0],
		[35, "PAD8_4", 395, -785, "B", "SMD", "PA7", "", "R", 62.99, 314.96, 0, 0],
		[36, "PAD9_4", 495, -785, "B", "SMD", "PB1", "", "R", 62.99, 314.96, 0, 0],
		[37, "PAD10_4", 595, -785, "B", "SMD", "PB0", "", "R", 62.99, 314.96, 0, 0]
	]
}
}